Дата;Посетило
03.12.2020;2
04.12.2020;2
05.12.2020;1
06.12.2020;2
07.12.2020;1
08.12.2020;319
09.12.2020;126
10.12.2020;100
11.12.2020;98
12.12.2020;67
13.12.2020;69
14.12.2020;77
15.12.2020;74
16.12.2020;69
17.12.2020;68
18.12.2020;66
19.12.2020;57
20.12.2020;61
21.12.2020;66
22.12.2020;79
23.12.2020;95
24.12.2020;92
25.12.2020;91
26.12.2020;74
27.12.2020;73
28.12.2020;68
29.12.2020;80
30.12.2020;85
31.12.2020;78
01.01.2021;73
02.01.2021;85
03.01.2021;63
04.01.2021;74
05.01.2021;59
06.01.2021;64
07.01.2021;73
08.01.2021;68
09.01.2021;59
10.01.2021;58
11.01.2021;95
12.01.2021;73
13.01.2021;82
14.01.2021;80
15.01.2021;82
16.01.2021;85
17.01.2021;86
18.01.2021;81
19.01.2021;84
20.01.2021;75
21.01.2021;109
22.01.2021;120
23.01.2021;102
24.01.2021;90
25.01.2021;102
26.01.2021;90
27.01.2021;103
28.01.2021;101
29.01.2021;117
30.01.2021;87
31.01.2021;107
01.02.2021;119
02.02.2021;105
03.02.2021;107
04.02.2021;108
05.02.2021;115
06.02.2021;104
07.02.2021;109
08.02.2021;117
09.02.2021;113
10.02.2021;122
11.02.2021;111
12.02.2021;111
13.02.2021;101
14.02.2021;85
15.02.2021;97
16.02.2021;124
17.02.2021;117
18.02.2021;113
19.02.2021;104
20.02.2021;113
21.02.2021;99
22.02.2021;111
23.02.2021;88
24.02.2021;125
25.02.2021;99
26.02.2021;124
27.02.2021;97
28.02.2021;105
01.03.2021;75
02.03.2021;116
03.03.2021;132
04.03.2021;94
05.03.2021;135
06.03.2021;107
07.03.2021;89
08.03.2021;90
09.03.2021;144
10.03.2021;125
11.03.2021;95
12.03.2021;118
13.03.2021;88
14.03.2021;92
15.03.2021;133
16.03.2021;110
17.03.2021;117
18.03.2021;99
19.03.2021;130
20.03.2021;100
21.03.2021;139
22.03.2021;121
23.03.2021;136
24.03.2021;90
25.03.2021;115
26.03.2021;130
27.03.2021;116
28.03.2021;111
29.03.2021;135
30.03.2021;123
31.03.2021;118
01.04.2021;114
02.04.2021;113
03.04.2021;102
04.04.2021;99
05.04.2021;133
06.04.2021;123
07.04.2021;114
08.04.2021;116
09.04.2021;123
10.04.2021;108
11.04.2021;105
12.04.2021;149
13.04.2021;125
14.04.2021;116
15.04.2021;133
16.04.2021;117
17.04.2021;97
18.04.2021;105
19.04.2021;123
20.04.2021;101
21.04.2021;147
22.04.2021;101
23.04.2021;105
24.04.2021;101
25.04.2021;131
26.04.2021;122
27.04.2021;113
28.04.2021;120
29.04.2021;104
30.04.2021;122
01.05.2021;117
02.05.2021;125
03.05.2021;132
04.05.2021;117
05.05.2021;101
06.05.2021;123
07.05.2021;109
08.05.2021;97
09.05.2021;95
10.05.2021;100
11.05.2021;118
12.05.2021;123
13.05.2021;105
14.05.2021;133
15.05.2021;103
16.05.2021;100
17.05.2021;102
18.05.2021;100
19.05.2021;105
20.05.2021;104
21.05.2021;104
22.05.2021;90
23.05.2021;77
24.05.2021;122
25.05.2021;127
26.05.2021;122
27.05.2021;102
28.05.2021;102
29.05.2021;106
30.05.2021;95
31.05.2021;87
01.06.2021;87
02.06.2021;85
03.06.2021;96
04.06.2021;104
05.06.2021;83
06.06.2021;83
07.06.2021;133
08.06.2021;103
09.06.2021;103
10.06.2021;103
11.06.2021;97
12.06.2021;76
13.06.2021;81
14.06.2021;93
15.06.2021;98
16.06.2021;120
17.06.2021;114
18.06.2021;95
19.06.2021;95
20.06.2021;90
21.06.2021;83
22.06.2021;100
23.06.2021;82
24.06.2021;121
25.06.2021;95
26.06.2021;80
27.06.2021;80
28.06.2021;97
29.06.2021;100
30.06.2021;78
01.07.2021;104
02.07.2021;122
03.07.2021;115
04.07.2021;94
05.07.2021;110
06.07.2021;116
07.07.2021;115
08.07.2021;96
09.07.2021;82
10.07.2021;82
11.07.2021;109
12.07.2021;83
13.07.2021;101
14.07.2021;87
15.07.2021;108
16.07.2021;84
17.07.2021;104
18.07.2021;82
19.07.2021;103
20.07.2021;125
21.07.2021;114
22.07.2021;100
23.07.2021;105
24.07.2021;100
25.07.2021;106
26.07.2021;89
27.07.2021;98
28.07.2021;80
29.07.2021;90
30.07.2021;85
31.07.2021;85
01.08.2021;75
02.08.2021;92
03.08.2021;108
04.08.2021;115
05.08.2021;128
06.08.2021;90
07.08.2021;95
08.08.2021;74
09.08.2021;106
10.08.2021;112
11.08.2021;105
12.08.2021;105
13.08.2021;91
14.08.2021;81
15.08.2021;85
16.08.2021;97
17.08.2021;104
18.08.2021;97
19.08.2021;104
20.08.2021;89
21.08.2021;82
22.08.2021;99
23.08.2021;105
24.08.2021;129
25.08.2021;95
26.08.2021;86
27.08.2021;125
28.08.2021;94
29.08.2021;116
30.08.2021;97
31.08.2021;104
01.09.2021;139
02.09.2021;120
03.09.2021;121
04.09.2021;126
05.09.2021;115
06.09.2021;147
07.09.2021;126
08.09.2021;151
09.09.2021;153
10.09.2021;143
11.09.2021;101
12.09.2021;108
13.09.2021;144
14.09.2021;160
15.09.2021;170
16.09.2021;153
17.09.2021;151
18.09.2021;128
19.09.2021;116
20.09.2021;162
21.09.2021;142
22.09.2021;156
23.09.2021;141
24.09.2021;132
25.09.2021;125
26.09.2021;79
27.09.2021;156
28.09.2021;147
29.09.2021;148
30.09.2021;134
01.10.2021;141
02.10.2021;120
03.10.2021;112
04.10.2021;138
05.10.2021;159
06.10.2021;161
07.10.2021;137
08.10.2021;138
09.10.2021;103
10.10.2021;117
11.10.2021;129
12.10.2021;150
13.10.2021;131
14.10.2021;141
15.10.2021;127
16.10.2021;107
17.10.2021;134
18.10.2021;131
19.10.2021;135
20.10.2021;153
21.10.2021;147
22.10.2021;136
23.10.2021;121
24.10.2021;102
25.10.2021;126
26.10.2021;115
27.10.2021;127
28.10.2021;124
29.10.2021;126
30.10.2021;113
31.10.2021;89
01.11.2021;146
02.11.2021;134
03.11.2021;138
04.11.2021;115
05.11.2021;113
06.11.2021;130
07.11.2021;95
08.11.2021;153
09.11.2021;159
10.11.2021;144
11.11.2021;135
12.11.2021;146
13.11.2021;120
14.11.2021;109
15.11.2021;153
16.11.2021;129
17.11.2021;132
18.11.2021;120
19.11.2021;131
20.11.2021;116
21.11.2021;123
22.11.2021;142
23.11.2021;140
24.11.2021;127
25.11.2021;150
26.11.2021;168
27.11.2021;118
28.11.2021;98
29.11.2021;143
30.11.2021;151
01.12.2021;151
02.12.2021;162
03.12.2021;145
04.12.2021;126
05.12.2021;147
06.12.2021;157
07.12.2021;158
08.12.2021;154
09.12.2021;157
10.12.2021;166
11.12.2021;135
12.12.2021;120
13.12.2021;160
14.12.2021;187
15.12.2021;167
16.12.2021;143
17.12.2021;149
18.12.2021;146
19.12.2021;133
20.12.2021;139
21.12.2021;160
22.12.2021;149
23.12.2021;132
24.12.2021;144
25.12.2021;127
26.12.2021;108
27.12.2021;119
28.12.2021;144
29.12.2021;127
30.12.2021;175
31.12.2021;119
01.01.2022;146
02.01.2022;140
03.01.2022;140
04.01.2022;148
05.01.2022;133
06.01.2022;142
07.01.2022;138
08.01.2022;140
09.01.2022;121
10.01.2022;134
11.01.2022;167
12.01.2022;143
13.01.2022;152
14.01.2022;134
15.01.2022;136
16.01.2022;108
17.01.2022;110
18.01.2022;190
19.01.2022;156
20.01.2022;151
21.01.2022;157
22.01.2022;158
23.01.2022;129
24.01.2022;142
25.01.2022;159
26.01.2022;158
27.01.2022;139
28.01.2022;143
29.01.2022;136
30.01.2022;124
31.01.2022;117
01.02.2022;202
02.02.2022;154
03.02.2022;143
04.02.2022;158
05.02.2022;167
06.02.2022;120
07.02.2022;132
08.02.2022;191
09.02.2022;170
10.02.2022;161
11.02.2022;162
12.02.2022;155
13.02.2022;146
14.02.2022;156
15.02.2022;151
16.02.2022;153
17.02.2022;150
18.02.2022;160
19.02.2022;133
20.02.2022;162
21.02.2022;170
22.02.2022;153
23.02.2022;136
24.02.2022;160
25.02.2022;129
26.02.2022;117
27.02.2022;102
28.02.2022;156
01.03.2022;147
02.03.2022;143
03.03.2022;154
04.03.2022;147
05.03.2022;137
06.03.2022;136
07.03.2022;143
08.03.2022;154
09.03.2022;153
10.03.2022;152
11.03.2022;177
12.03.2022;144
13.03.2022;150
14.03.2022;169
15.03.2022;169
16.03.2022;168
17.03.2022;158
18.03.2022;148
19.03.2022;144
20.03.2022;131
21.03.2022;146
22.03.2022;174
23.03.2022;152
24.03.2022;144
25.03.2022;160
26.03.2022;148
27.03.2022;144
28.03.2022;169
29.03.2022;181
30.03.2022;120
31.03.2022;169
01.04.2022;175
02.04.2022;150
03.04.2022;108
04.04.2022;171
05.04.2022;170
06.04.2022;181
07.04.2022;157
08.04.2022;177
09.04.2022;90
10.04.2022;128
11.04.2022;178
12.04.2022;171
13.04.2022;159
14.04.2022;155
15.04.2022;166
16.04.2022;153
17.04.2022;95
18.04.2022;187
19.04.2022;165
20.04.2022;129
21.04.2022;164
22.04.2022;165
23.04.2022;141
24.04.2022;144
25.04.2022;135
26.04.2022;161
27.04.2022;164
28.04.2022;175
29.04.2022;117
30.04.2022;115
01.05.2022;102
02.05.2022;163
03.05.2022;97
04.05.2022;182
05.05.2022;173
06.05.2022;154
07.05.2022;150
08.05.2022;139
09.05.2022;128
10.05.2022;130
11.05.2022;114
12.05.2022;196
13.05.2022;182
14.05.2022;167
15.05.2022;133
16.05.2022;141
17.05.2022;166
18.05.2022;138
19.05.2022;168
20.05.2022;153
21.05.2022;146
22.05.2022;147
23.05.2022;147
24.05.2022;160
25.05.2022;83
26.05.2022;86
27.05.2022;196
28.05.2022;122
29.05.2022;113
30.05.2022;149
31.05.2022;152
01.06.2022;138
02.06.2022;154
03.06.2022;170
04.06.2022;157
05.06.2022;134
06.06.2022;114
07.06.2022;185
08.06.2022;136
09.06.2022;135
10.06.2022;94
11.06.2022;140
12.06.2022;112
13.06.2022;163
14.06.2022;145
15.06.2022;144
16.06.2022;145
17.06.2022;139
18.06.2022;149
19.06.2022;112
20.06.2022;168
21.06.2022;156
22.06.2022;126
23.06.2022;151
24.06.2022;155
25.06.2022;135
26.06.2022;143
27.06.2022;170
28.06.2022;173
29.06.2022;157
30.06.2022;156
01.07.2022;137
02.07.2022;136
03.07.2022;125
04.07.2022;144
05.07.2022;147
06.07.2022;140
07.07.2022;148
08.07.2022;151
09.07.2022;138
10.07.2022;140
11.07.2022;134
12.07.2022;152
13.07.2022;144
14.07.2022;133
15.07.2022;153
16.07.2022;140
17.07.2022;123
18.07.2022;142
19.07.2022;142
20.07.2022;127
21.07.2022;135
22.07.2022;143
23.07.2022;159
24.07.2022;141
25.07.2022;158
26.07.2022;164
27.07.2022;168
28.07.2022;169
29.07.2022;152
30.07.2022;160
31.07.2022;154
01.08.2022;176
02.08.2022;156
03.08.2022;144
04.08.2022;147
05.08.2022;155
06.08.2022;155
07.08.2022;145
08.08.2022;162
09.08.2022;161
10.08.2022;166
11.08.2022;140
12.08.2022;141
13.08.2022;123
14.08.2022;114
15.08.2022;139
16.08.2022;166
17.08.2022;0
18.08.2022;142
19.08.2022;144
20.08.2022;154
21.08.2022;156
22.08.2022;157
23.08.2022;149
24.08.2022;159
25.08.2022;124
26.08.2022;154
27.08.2022;136
28.08.2022;145
29.08.2022;145
30.08.2022;150
31.08.2022;158
01.09.2022;168
02.09.2022;204
03.09.2022;290
04.09.2022;234
05.09.2022;309
06.09.2022;278
07.09.2022;292
08.09.2022;334
09.09.2022;314
10.09.2022;221
11.09.2022;223
12.09.2022;202
13.09.2022;214
14.09.2022;177
15.09.2022;211
16.09.2022;193
17.09.2022;181
18.09.2022;160
19.09.2022;185
20.09.2022;224
21.09.2022;190
22.09.2022;174
23.09.2022;169
24.09.2022;189
25.09.2022;167
26.09.2022;176
27.09.2022;170
28.09.2022;170
29.09.2022;184
30.09.2022;186
01.10.2022;214
02.10.2022;211
03.10.2022;195
04.10.2022;200
05.10.2022;216
06.10.2022;207
07.10.2022;181
08.10.2022;148
09.10.2022;134
10.10.2022;201
11.10.2022;213
12.10.2022;177
13.10.2022;224
14.10.2022;208
15.10.2022;210
16.10.2022;159
17.10.2022;182
18.10.2022;224
19.10.2022;201
20.10.2022;219
21.10.2022;197
22.10.2022;176
23.10.2022;183
24.10.2022;192
25.10.2022;191
26.10.2022;192
27.10.2022;172
28.10.2022;182
29.10.2022;172
30.10.2022;160
31.10.2022;183
01.11.2022;206
02.11.2022;191
03.11.2022;174
04.11.2022;208
05.11.2022;187
06.11.2022;173
07.11.2022;197
08.11.2022;208
09.11.2022;208
10.11.2022;190
11.11.2022;213
12.11.2022;172
13.11.2022;174
14.11.2022;199
15.11.2022;205
16.11.2022;196
17.11.2022;196
18.11.2022;189
19.11.2022;193
20.11.2022;159
21.11.2022;218
22.11.2022;194
23.11.2022;173
24.11.2022;191
25.11.2022;194
26.11.2022;170
27.11.2022;170
28.11.2022;195
29.11.2022;222
30.11.2022;194
01.12.2022;194
02.12.2022;197
03.12.2022;216
04.12.2022;182
05.12.2022;206
06.12.2022;206
07.12.2022;194
08.12.2022;182
09.12.2022;199
10.12.2022;177
11.12.2022;200
12.12.2022;214
13.12.2022;198
14.12.2022;208
15.12.2022;186
16.12.2022;201
17.12.2022;178
18.12.2022;111
19.12.2022;180
20.12.2022;195
21.12.2022;184
22.12.2022;194
23.12.2022;195
24.12.2022;194
25.12.2022;189
26.12.2022;171
27.12.2022;200
28.12.2022;189
29.12.2022;181
30.12.2022;208
31.12.2022;175
01.04.2023;210
02.04.2023;191
03.04.2023;217
04.04.2023;229
05.04.2023;240
06.04.2023;221
07.04.2023;221
08.04.2023;220
09.01.2023;193
10.01.2023;212
11.01.2023;185
12.01.2023;222
13.01.2023;194
14.01.2023;199
15.01.2023;198
16.01.2023;180
17.01.2023;212
18.01.2023;191
19.01.2023;218
20.01.2023;210
21.01.2023;187
22.01.2023;186
23.01.2023;185
24.01.2023;205
25.01.2023;192
26.01.2023;207
27.01.2023;178
28.01.2023;209
29.01.2023;153
30.01.2023;176
31.01.2023;212
01.02.2023;191
02.02.2023;188
03.02.2023;190
04.02.2023;215
05.02.2023;177
06.02.2023;202
07.02.2023;208
08.02.2023;217
09.02.2023;224
10.02.2023;204
11.02.2023;206
12.02.2023;198
13.02.2023;201
14.02.2023;194
15.02.2023;197
16.02.2023;185
17.02.2023;193
18.02.2023;246
19.02.2023;177
20.02.2023;216
21.02.2023;205
22.02.2023;228
23.02.2023;185
24.02.2023;165
25.02.2023;207
26.02.2023;193
27.02.2023;149
28.02.2023;203
01.03.2023;250
02.03.2023;193
03.03.2023;214
04.03.2023;201
05.03.2023;187
06.03.2023;224
07.03.2023;217
08.03.2023;193
09.03.2023;243
10.03.2023;204
11.03.2023;212
12.03.2023;180
13.03.2023;209
14.03.2023;236
15.03.2023;199
16.03.2023;168
17.03.2023;187
18.03.2023;159
19.03.2023;198
20.03.2023;202
21.03.2023;180
22.03.2023;238
23.03.2023;238
24.03.2023;199
25.03.2023;231
26.03.2023;233
27.03.2023;230
28.03.2023;245
29.03.2023;208
30.03.2023;203
31.03.2023;206
01.04.2023;210
02.04.2023;191
03.04.2023;217
04.04.2023;229
05.04.2023;240
06.04.2023;221
07.04.2023;221
08.04.2023;220
09.04.2023;195
10.04.2023;221
11.04.2023;207
12.04.2023;235
13.04.2023;206
14.04.2023;212
15.04.2023;199
16.04.2023;204
17.04.2023;212
18.04.2023;239
19.04.2023;229
20.04.2023;199
21.04.2023;228
22.04.2023;163
23.04.2023;217
24.04.2023;209
25.04.2023;236
26.04.2023;202
27.04.2023;225
28.04.2023;227
29.04.2023;212
30.04.2023;186
01.05.2023;182
02.05.2023;225
03.05.2023;208
04.05.2023;213
05.05.2023;230
06.05.2023;201
07.05.2023;190
08.05.2023;167
09.05.2023;169
10.05.2023;241
11.05.2023;225
12.05.2023;211
13.05.2023;226
14.05.2023;203
15.05.2023;219
16.05.2023;200
17.05.2023;191
18.05.2023;220
19.05.2023;195
20.05.2023;208
21.05.2023;216
22.05.2023;210
23.05.2023;236
24.05.2023;231
25.05.2023;222
26.05.2023;202
27.05.2023;229
28.05.2023;216
29.05.2023;223
30.05.2023;228
31.05.2023;222
01.06.2023;265
02.06.2023;258
03.06.2023;235
04.06.2023;233
05.06.2023;230
06.06.2023;242
07.06.2023;229
08.06.2023;231
09.06.2023;188
10.06.2023;182
11.06.2023;204
12.06.2023;237
13.06.2023;211
14.06.2023;197
15.06.2023;242
16.06.2023;212
17.06.2023;183
18.06.2023;208
19.06.2023;198
20.06.2023;203
21.06.2023;202
22.06.2023;234
23.06.2023;197
24.06.2023;192
25.06.2023;207
26.06.2023;178
27.06.2023;227
28.06.2023;215
29.06.2023;237
30.06.2023;219
01.07.2023;224
02.07.2023;234
03.07.2023;206
04.07.2023;214
05.07.2023;219
06.07.2023;207
07.07.2023;233
08.07.2023;188
09.07.2023;187
10.07.2023;220
11.07.2023;234
12.07.2023;253
13.07.2023;214
14.07.2023;255
15.07.2023;245
16.07.2023;232
17.07.2023;240
18.07.2023;250
19.07.2023;245
20.07.2023;246
21.07.2023;240
22.07.2023;218
23.07.2023;250
24.07.2023;230
25.07.2023;230
26.07.2023;232
27.07.2023;247
28.07.2023;204
29.07.2023;197
30.07.2023;215
31.07.2023;229
01.08.2023;248
02.08.2023;241
03.08.2023;267
04.08.2023;249
05.08.2023;261
06.08.2023;229
07.08.2023;238
08.08.2023;278
09.08.2023;238
10.08.2023;231
11.08.2023;218
12.08.2023;221
13.08.2023;202
14.08.2023;212
15.08.2023;235
16.08.2023;232
17.08.2023;248
18.08.2023;240
19.08.2023;213
20.08.2023;213
21.08.2023;232
22.08.2023;263
23.08.2023;255
24.08.2023;217
25.08.2023;255
26.08.2023;243
27.08.2023;256
28.08.2023;240
29.08.2023;247
30.08.2023;234
31.08.2023;238
01.09.2023;227
02.09.2023;241
03.09.2023;246
04.09.2023;266
05.09.2023;301
06.09.2023;292
07.09.2023;240
08.09.2023;262
09.09.2023;279
10.09.2023;289
11.09.2023;286
12.09.2023;293
13.09.2023;286
14.09.2023;285
15.09.2023;313
16.09.2023;287
17.09.2023;254
18.09.2023;313
19.09.2023;327
20.09.2023;303
21.09.2023;346
22.09.2023;300
23.09.2023;309
24.09.2023;265
25.09.2023;293
26.09.2023;282
27.09.2023;361
28.09.2023;323
29.09.2023;299
30.09.2023;275
01.10.2023;278
02.10.2023;296
03.10.2023;297
04.10.2023;305
05.10.2023;289
06.10.2023;329
07.10.2023;325
08.10.2023;297
09.10.2023;290
10.10.2023;274
11.10.2023;281
12.10.2023;314
13.10.2023;313
14.10.2023;272
15.10.2023;236
16.10.2023;289
17.10.2023;295
18.10.2023;305
19.10.2023;318
20.10.2023;305
21.10.2023;271
22.10.2023;277
23.10.2023;243
24.10.2023;302
25.10.2023;295
26.10.2023;301
27.10.2023;290
28.10.2023;269
29.10.2023;296
30.10.2023;308
31.10.2023;302
01.11.2023;283
02.11.2023;285
03.11.2023;297
04.11.2023;263
05.11.2023;285
06.11.2023;286
07.11.2023;311
08.11.2023;199
09.11.2023;298
10.11.2023;292
11.11.2023;298
12.11.2023;241
13.11.2023;294
14.11.2023;275
15.11.2023;291
16.11.2023;277
17.11.2023;259
18.11.2023;261
19.11.2023;257
20.11.2023;267
21.11.2023;281
22.11.2023;287
23.11.2023;258
24.11.2023;248
25.11.2023;231
26.11.2023;254
27.11.2023;284
28.11.2023;271
29.11.2023;237
30.11.2023;278
01.12.2023;263
02.12.2023;237
03.12.2023;239
04.12.2023;251
05.12.2023;265
06.12.2023;261
07.12.2023;275
08.12.2023;228
09.12.2023;242
10.12.2023;232
11.12.2023;222
12.12.2023;246
13.12.2023;236
14.12.2023;278
15.12.2023;274
16.12.2023;261
17.12.2023;263
18.12.2023;245
19.12.2023;272
20.12.2023;260
21.12.2023;276
22.12.2023;291
23.12.2023;243
24.12.2023;231
25.12.2023;237
26.12.2023;246
27.12.2023;243
28.12.2023;294
29.12.2023;267
30.12.2023;256
31.12.2023;230
